ip,port
36.90.37.60,8080
185.245.84.131,3128
103.240.77.98,30093
172.104.56.66,8899
195.206.106.186,3128
213.108.7.87,3128
198.50.163.192,3129
101.51.106.70,49285
185.236.202.205,3128
103.56.235.186,443
193.56.255.131,3128
185.236.202.168,3128
14.207.57.87,3128
182.160.124.26,8081
195.7.9.141,8080
1.179.183.73,50178
149.100.165.85,8080
178.62.224.151,8080
92.249.122.108,61778
118.175.93.94,45175
194.183.168.129,31385
103.241.227.110,6666
188.120.232.181,8118
103.240.161.108,6666
185.236.203.209,3128
118.174.196.112,36314
208.80.28.208,8080
118.174.220.14,43473
213.108.7.91,3128
113.11.20.51,8080
101.51.141.106,59932
177.125.169.6,55443
154.79.252.70,53281
46.21.153.16,3128
45.112.57.230,61222
